col,thresh,full,average,distance,final
contact_pred_rolling_18,0.7,0.6786232525110476,0.68933290475879,1.0,0.7320520158351094
contact_pred_rolling_18,0.7,0.6786232525110476,0.68933290475879,1.0,0.7320520158351094
contact_pred_rolling_18,0.7,0.6786232525110476,0.68933290475879,1.0,0.7320520158351094
contact_pred_rolling_18,0.7,0.6786232525110476,0.68933290475879,1.0,0.7320520158351094
contact_pred_rolling_18,0.7,0.6786232525110476,0.68933290475879,1.0,0.7320520158351094
contact_pred_rolling_24,0.7,0.6818581899924807,0.6899233732929917,1.0,0.7315570773929099
contact_pred_rolling_24,0.7,0.6818581899924807,0.6899233732929917,1.0,0.7315570773929099
contact_pred_rolling_24,0.7,0.6818581899924807,0.6899233732929917,1.0,0.7315570773929099
contact_pred_rolling_24,0.7,0.6818581899924807,0.6899233732929917,1.0,0.7315570773929099
contact_pred_rolling_24,0.7,0.6818581899924807,0.6899233732929917,1.0,0.7315570773929099
contact_pred_rolling_21,0.7,0.6807465127780543,0.6893080243102192,1.0,0.7315555901896428
contact_pred_rolling_21,0.7,0.6807465127780543,0.6893080243102192,1.0,0.7315555901896428
contact_pred_rolling_21,0.7,0.6807465127780543,0.6893080243102192,1.0,0.7315555901896428
contact_pred_rolling_21,0.7,0.6807465127780543,0.6893080243102192,1.0,0.7315555901896428
contact_pred_rolling_21,0.7,0.6807465127780543,0.6893080243102192,1.0,0.7315555901896428
contact_pred_rolling_15,0.7,0.6752431768414482,0.6865992196986513,1.0,0.7305264395442685
contact_pred_rolling_15,0.7,0.6752431768414482,0.6865992196986513,1.0,0.7305264395442685
contact_pred_rolling_15,0.7,0.6752431768414482,0.6865992196986513,1.0,0.7305264395442685
contact_pred_rolling_15,0.7,0.6752431768414482,0.6865992196986513,1.0,0.7305264395442685
contact_pred_rolling_15,0.7,0.6752431768414482,0.6865992196986513,1.0,0.7305264395442685
contact_pred_rolling_27,0.7,0.682657927255949,0.6892682336341984,1.0,0.7304235500803362
contact_pred_rolling_27,0.7,0.682657927255949,0.6892682336341984,1.0,0.7304235500803362
contact_pred_rolling_27,0.7,0.682657927255949,0.6892682336341984,1.0,0.7304235500803362
contact_pred_rolling_27,0.7,0.682657927255949,0.6892682336341984,1.0,0.7304235500803362
contact_pred_rolling_27,0.7,0.682657927255949,0.6892682336341984,1.0,0.7304235500803362
contact_pred_rolling_12,0.7,0.6725872001136831,0.6854671028184883,1.0,0.7301900881057747
contact_pred_rolling_12,0.7,0.6725872001136831,0.6854671028184883,1.0,0.7301900881057747
contact_pred_rolling_12,0.7,0.6725872001136831,0.6854671028184883,1.0,0.7301900881057747
contact_pred_rolling_12,0.7,0.6725872001136831,0.6854671028184883,1.0,0.7301900881057747
contact_pred_rolling_12,0.7,0.6725872001136831,0.6854671028184883,1.0,0.7301900881057747
contact_pred_rolling_9,0.7,0.6686444329957548,0.6835305328340018,1.0,0.7291719212590095
contact_pred_rolling_9,0.7,0.6686444329957548,0.6835305328340018,1.0,0.7291719212590095
contact_pred_rolling_9,0.7,0.6686444329957548,0.6835305328340018,1.0,0.7291719212590095
contact_pred_rolling_9,0.7,0.6686444329957548,0.6835305328340018,1.0,0.7291719212590095
contact_pred_rolling_9,0.7,0.6686444329957548,0.6835305328340018,1.0,0.7291719212590095
contact_pred_rolling_30,0.7,0.6819416526812089,0.6885187702298845,1.0,0.7291501545455977
contact_pred_rolling_30,0.7,0.6819416526812089,0.6885187702298845,1.0,0.7291501545455977
contact_pred_rolling_30,0.7,0.6819416526812089,0.6885187702298845,1.0,0.7291501545455977
contact_pred_rolling_30,0.7,0.6819416526812089,0.6885187702298845,1.0,0.7291501545455977
contact_pred_rolling_30,0.7,0.6819416526812089,0.6885187702298845,1.0,0.7291501545455977
contact_pred_rolling_24,0.625,0.6669285787411249,0.6779297369880245,1.0,0.728304119042528
contact_pred_rolling_24,0.625,0.6669285787411249,0.6779297369880245,1.0,0.728304119042528
contact_pred_rolling_24,0.625,0.6669285787411249,0.6779297369880245,1.0,0.728304119042528
contact_pred_rolling_24,0.625,0.6669285787411249,0.6779297369880245,1.0,0.728304119042528
contact_pred_rolling_24,0.625,0.6669285787411249,0.6779297369880245,1.0,0.728304119042528
contact_pred_rolling_18,0.625,0.6634615405835876,0.6769020044659986,1.0,0.7279211268993144
contact_pred_rolling_18,0.625,0.6634615405835876,0.6769020044659986,1.0,0.7279211268993144
contact_pred_rolling_18,0.625,0.6634615405835876,0.6769020044659986,1.0,0.7279211268993144
contact_pred_rolling_18,0.625,0.6634615405835876,0.6769020044659986,1.0,0.7279211268993144
contact_pred_rolling_18,0.625,0.6634615405835876,0.6769020044659986,1.0,0.7279211268993144
contact_pred_rolling_21,0.625,0.6652287814837149,0.6770511106728296,1.0,0.7277540459058462
contact_pred_rolling_21,0.625,0.6652287814837149,0.6770511106728296,1.0,0.7277540459058462
contact_pred_rolling_21,0.625,0.6652287814837149,0.6770511106728296,1.0,0.7277540459058462
contact_pred_rolling_21,0.625,0.6652287814837149,0.6770511106728296,1.0,0.7277540459058462
contact_pred_rolling_21,0.625,0.6652287814837149,0.6770511106728296,1.0,0.7277540459058462
contact_pred_rolling_33,0.7,0.6804768674399394,0.6871791572018169,1.0,0.727611619041933
contact_pred_rolling_33,0.7,0.6804768674399394,0.6871791572018169,1.0,0.727611619041933
contact_pred_rolling_33,0.7,0.6804768674399394,0.6871791572018169,1.0,0.727611619041933
contact_pred_rolling_33,0.7,0.6804768674399394,0.6871791572018169,1.0,0.727611619041933
contact_pred_rolling_33,0.7,0.6804768674399394,0.6871791572018169,1.0,0.727611619041933
contact_pred_rolling_6,0.7,0.6640656987575773,0.6806371776089483,1.0,0.7273767153028362
contact_pred_rolling_6,0.7,0.6640656987575773,0.6806371776089483,1.0,0.7273767153028362
contact_pred_rolling_6,0.7,0.6640656987575773,0.6806371776089483,1.0,0.7273767153028362
contact_pred_rolling_6,0.7,0.6640656987575773,0.6806371776089483,1.0,0.7273767153028362
contact_pred_rolling_6,0.7,0.6640656987575773,0.6806371776089483,1.0,0.7273767153028362
contact_pred_rolling_15,0.625,0.6606792886869105,0.6754986245731889,1.0,0.7271894965981703
contact_pred_rolling_15,0.625,0.6606792886869105,0.6754986245731889,1.0,0.7271894965981703
contact_pred_rolling_15,0.625,0.6606792886869105,0.6754986245731889,1.0,0.7271894965981703
contact_pred_rolling_15,0.625,0.6606792886869105,0.6754986245731889,1.0,0.7271894965981703
contact_pred_rolling_15,0.625,0.6606792886869105,0.6754986245731889,1.0,0.7271894965981703
contact_pred_rolling_27,0.625,0.6683127272055215,0.6768003811885346,1.0,0.7270983689018009
contact_pred_rolling_27,0.625,0.6683127272055215,0.6768003811885346,1.0,0.7270983689018009
contact_pred_rolling_27,0.625,0.6683127272055215,0.6768003811885346,1.0,0.7270983689018009
contact_pred_rolling_27,0.625,0.6683127272055215,0.6768003811885346,1.0,0.7270983689018009
contact_pred_rolling_27,0.625,0.6683127272055215,0.6768003811885346,1.0,0.7270983689018009
contact_pred_rolling_12,0.625,0.6588838666666879,0.6749004517577807,1.0,0.7269393541740318
contact_pred_rolling_12,0.625,0.6588838666666879,0.6749004517577807,1.0,0.7269393541740318
contact_pred_rolling_12,0.625,0.6588838666666879,0.6749004517577807,1.0,0.7269393541740318
contact_pred_rolling_12,0.625,0.6588838666666879,0.6749004517577807,1.0,0.7269393541740318
contact_pred_rolling_12,0.625,0.6588838666666879,0.6749004517577807,1.0,0.7269393541740318
contact_pred_rolling_36,0.7,0.6796880630919913,0.6858346508729005,1.0,0.726045376476166
contact_pred_rolling_36,0.7,0.6796880630919913,0.6858346508729005,1.0,0.726045376476166
contact_pred_rolling_36,0.7,0.6796880630919913,0.6858346508729005,1.0,0.726045376476166
contact_pred_rolling_36,0.7,0.6796880630919913,0.6858346508729005,1.0,0.726045376476166
contact_pred_rolling_36,0.7,0.6796880630919913,0.6858346508729005,1.0,0.726045376476166
contact_pred_rolling_30,0.625,0.6680859815895791,0.6748391575168041,1.0,0.7253666493292561
contact_pred_rolling_30,0.625,0.6680859815895791,0.6748391575168041,1.0,0.7253666493292561
contact_pred_rolling_30,0.625,0.6680859815895791,0.6748391575168041,1.0,0.7253666493292561
contact_pred_rolling_30,0.625,0.6680859815895791,0.6748391575168041,1.0,0.7253666493292561
contact_pred_rolling_30,0.625,0.6680859815895791,0.6748391575168041,1.0,0.7253666493292561
contact_pred_rolling_9,0.625,0.6556873510692867,0.6722910230849319,1.0,0.7252567705702736
contact_pred_rolling_9,0.625,0.6556873510692867,0.6722910230849319,1.0,0.7252567705702736
contact_pred_rolling_9,0.625,0.6556873510692867,0.6722910230849319,1.0,0.7252567705702736
contact_pred_rolling_9,0.625,0.6556873510692867,0.6722910230849319,1.0,0.7252567705702736
contact_pred_rolling_9,0.625,0.6556873510692867,0.6722910230849319,1.0,0.7252567705702736
contact_pred_rolling_3,0.7,0.6592041813945114,0.676903395597507,1.0,0.7249736129204523
contact_pred_rolling_3,0.7,0.6592041813945114,0.676903395597507,1.0,0.7249736129204523
contact_pred_rolling_3,0.7,0.6592041813945114,0.676903395597507,1.0,0.7249736129204523
contact_pred_rolling_3,0.7,0.6592041813945114,0.676903395597507,1.0,0.7249736129204523
contact_pred_rolling_3,0.7,0.6592041813945114,0.676903395597507,1.0,0.7249736129204523
contact_pred_rolling_33,0.625,0.667761246811252,0.6737741112394227,1.0,0.7242391256818798
contact_pred_rolling_33,0.625,0.667761246811252,0.6737741112394227,1.0,0.7242391256818798
contact_pred_rolling_33,0.625,0.667761246811252,0.6737741112394227,1.0,0.7242391256818798
contact_pred_rolling_33,0.625,0.667761246811252,0.6737741112394227,1.0,0.7242391256818798
contact_pred_rolling_33,0.625,0.667761246811252,0.6737741112394227,1.0,0.7242391256818798
contact_pred_rolling_6,0.625,0.6527255914184822,0.6699804370030589,1.0,0.7237436296393165
contact_pred_rolling_6,0.625,0.6527255914184822,0.6699804370030589,1.0,0.7237436296393165
contact_pred_rolling_6,0.625,0.6527255914184822,0.6699804370030589,1.0,0.7237436296393165
contact_pred_rolling_6,0.625,0.6527255914184822,0.6699804370030589,1.0,0.7237436296393165
contact_pred_rolling_6,0.625,0.6527255914184822,0.6699804370030589,1.0,0.7237436296393165
contact_pred_rolling_39,0.7,0.679059152790526,0.6833925013272051,1.0,0.7235080547730063
contact_pred_rolling_39,0.7,0.679059152790526,0.6833925013272051,1.0,0.7235080547730063
contact_pred_rolling_39,0.7,0.679059152790526,0.6833925013272051,1.0,0.7235080547730063
contact_pred_rolling_39,0.7,0.679059152790526,0.6833925013272051,1.0,0.7235080547730063
contact_pred_rolling_39,0.7,0.679059152790526,0.6833925013272051,1.0,0.7235080547730063
contact_pred_rolling_36,0.625,0.667663867743257,0.6729293063352638,1.0,0.7233134683102006
contact_pred_rolling_36,0.625,0.667663867743257,0.6729293063352638,1.0,0.7233134683102006
contact_pred_rolling_36,0.625,0.667663867743257,0.6729293063352638,1.0,0.7233134683102006
contact_pred_rolling_36,0.625,0.667663867743257,0.6729293063352638,1.0,0.7233134683102006
contact_pred_rolling_36,0.625,0.667663867743257,0.6729293063352638,1.0,0.7233134683102006
contact_pred_rolling_3,0.625,0.6484679044736289,0.6683768660908885,1.0,0.7227636623580523
contact_pred_rolling_3,0.625,0.6484679044736289,0.6683768660908885,1.0,0.7227636623580523
contact_pred_rolling_3,0.625,0.6484679044736289,0.6683768660908885,1.0,0.7227636623580523
contact_pred_rolling_3,0.625,0.6484679044736289,0.6683768660908885,1.0,0.7227636623580523
contact_pred_rolling_3,0.625,0.6484679044736289,0.6683768660908885,1.0,0.7227636623580523
contact_pred_rolling_42,0.7,0.6775717582132843,0.6823935243886005,1.0,0.7221539275189389
contact_pred_rolling_42,0.7,0.6775717582132843,0.6823935243886005,1.0,0.7221539275189389
contact_pred_rolling_42,0.7,0.6775717582132843,0.6823935243886005,1.0,0.7221539275189389
contact_pred_rolling_42,0.7,0.6775717582132843,0.6823935243886005,1.0,0.7221539275189389
contact_pred_rolling_42,0.7,0.6775717582132843,0.6823935243886005,1.0,0.7221539275189389
contact_pred_rolling_39,0.625,0.6654301675839353,0.6712070506659007,1.0,0.7217733665598842
contact_pred_rolling_39,0.625,0.6654301675839353,0.6712070506659007,1.0,0.7217733665598842
contact_pred_rolling_39,0.625,0.6654301675839353,0.6712070506659007,1.0,0.7217733665598842
contact_pred_rolling_39,0.625,0.6654301675839353,0.6712070506659007,1.0,0.7217733665598842
contact_pred_rolling_39,0.625,0.6654301675839353,0.6712070506659007,1.0,0.7217733665598842
contact_pred_rolling_42,0.625,0.6626590326996002,0.6700523511771366,1.0,0.7206775153741801
contact_pred_rolling_42,0.625,0.6626590326996002,0.6700523511771366,1.0,0.7206775153741801
contact_pred_rolling_42,0.625,0.6626590326996002,0.6700523511771366,1.0,0.7206775153741801
contact_pred_rolling_42,0.625,0.6626590326996002,0.6700523511771366,1.0,0.7206775153741801
contact_pred_rolling_42,0.625,0.6626590326996002,0.6700523511771366,1.0,0.7206775153741801
contact_pred_rolling_18,0.55,0.6476015886865404,0.660346177772613,1.0,0.7198449435646828
contact_pred_rolling_18,0.55,0.6476015886865404,0.660346177772613,1.0,0.7198449435646828
contact_pred_rolling_18,0.55,0.6476015886865404,0.660346177772613,1.0,0.7198449435646828
contact_pred_rolling_18,0.55,0.6476015886865404,0.660346177772613,1.0,0.7198449435646828
contact_pred_rolling_18,0.55,0.6476015886865404,0.660346177772613,1.0,0.7198449435646828
contact_pred_rolling_12,0.55,0.6441146330740474,0.6598700677578658,1.0,0.7195563230584857
contact_pred_rolling_12,0.55,0.6441146330740474,0.6598700677578658,1.0,0.7195563230584857
contact_pred_rolling_12,0.55,0.6441146330740474,0.6598700677578658,1.0,0.7195563230584857
contact_pred_rolling_12,0.55,0.6441146330740474,0.6598700677578658,1.0,0.7195563230584857
contact_pred_rolling_12,0.55,0.6441146330740474,0.6598700677578658,1.0,0.7195563230584857
contact_pred_rolling_15,0.55,0.6453701311067926,0.6592720206247077,1.0,0.7191628508121749
contact_pred_rolling_15,0.55,0.6453701311067926,0.6592720206247077,1.0,0.7191628508121749
contact_pred_rolling_15,0.55,0.6453701311067926,0.6592720206247077,1.0,0.7191628508121749
contact_pred_rolling_15,0.55,0.6453701311067926,0.6592720206247077,1.0,0.7191628508121749
contact_pred_rolling_15,0.55,0.6453701311067926,0.6592720206247077,1.0,0.7191628508121749
contact_pred_rolling_6,0.55,0.6398036750863466,0.658884801249458,1.0,0.7189737013011671
contact_pred_rolling_6,0.55,0.6398036750863466,0.658884801249458,1.0,0.7189737013011671
contact_pred_rolling_6,0.55,0.6398036750863466,0.658884801249458,1.0,0.7189737013011671
contact_pred_rolling_6,0.55,0.6398036750863466,0.658884801249458,1.0,0.7189737013011671
contact_pred_rolling_6,0.55,0.6398036750863466,0.658884801249458,1.0,0.7189737013011671
contact_pred_rolling_24,0.55,0.6476570091924171,0.6588970432987694,1.0,0.7188007295362455
contact_pred_rolling_24,0.55,0.6476570091924171,0.6588970432987694,1.0,0.7188007295362455
contact_pred_rolling_24,0.55,0.6476570091924171,0.6588970432987694,1.0,0.7188007295362455
contact_pred_rolling_24,0.55,0.6476570091924171,0.6588970432987694,1.0,0.7188007295362455
contact_pred_rolling_24,0.55,0.6476570091924171,0.6588970432987694,1.0,0.7188007295362455
contact_pred_rolling_21,0.55,0.647495043301569,0.6588550119230593,1.0,0.7187565185619826
contact_pred_rolling_21,0.55,0.647495043301569,0.6588550119230593,1.0,0.7187565185619826
contact_pred_rolling_21,0.55,0.647495043301569,0.6588550119230593,1.0,0.7187565185619826
contact_pred_rolling_21,0.55,0.647495043301569,0.6588550119230593,1.0,0.7187565185619826
contact_pred_rolling_21,0.55,0.647495043301569,0.6588550119230593,1.0,0.7187565185619826
contact_pred_rolling_9,0.55,0.6417678095083481,0.6584801622697865,1.0,0.7186666109836122
contact_pred_rolling_9,0.55,0.6417678095083481,0.6584801622697865,1.0,0.7186666109836122
contact_pred_rolling_9,0.55,0.6417678095083481,0.6584801622697865,1.0,0.7186666109836122
contact_pred_rolling_9,0.55,0.6417678095083481,0.6584801622697865,1.0,0.7186666109836122
contact_pred_rolling_9,0.55,0.6417678095083481,0.6584801622697865,1.0,0.7186666109836122
contact_pred_rolling_45,0.625,0.660997859229198,0.6669932006674721,1.0,0.7182058675442022
contact_pred_rolling_45,0.625,0.660997859229198,0.6669932006674721,1.0,0.7182058675442022
contact_pred_rolling_45,0.625,0.660997859229198,0.6669932006674721,1.0,0.7182058675442022
contact_pred_rolling_45,0.625,0.660997859229198,0.6669932006674721,1.0,0.7182058675442022
contact_pred_rolling_45,0.625,0.660997859229198,0.6669932006674721,1.0,0.7182058675442022
contact_pred_rolling_45,0.7,0.6746908453842827,0.6777285999368867,1.0,0.7180711097272835
contact_pred_rolling_45,0.7,0.6746908453842827,0.6777285999368867,1.0,0.7180711097272835
contact_pred_rolling_45,0.7,0.6746908453842827,0.6777285999368867,1.0,0.7180711097272835
contact_pred_rolling_45,0.7,0.6746908453842827,0.6777285999368867,1.0,0.7180711097272835
contact_pred_rolling_45,0.7,0.6746908453842827,0.6777285999368867,1.0,0.7180711097272835
contact_pred_rolling_3,0.55,0.6365609692339048,0.6566072558336542,1.0,0.7173942364478659
contact_pred_rolling_3,0.55,0.6365609692339048,0.6566072558336542,1.0,0.7173942364478659
contact_pred_rolling_3,0.55,0.6365609692339048,0.6566072558336542,1.0,0.7173942364478659
contact_pred_rolling_3,0.55,0.6365609692339048,0.6566072558336542,1.0,0.7173942364478659
contact_pred_rolling_3,0.55,0.6365609692339048,0.6566072558336542,1.0,0.7173942364478659
contact_pred_rolling_27,0.55,0.6471381765846501,0.6566329153876661,1.0,0.7170956821727437
contact_pred_rolling_27,0.55,0.6471381765846501,0.6566329153876661,1.0,0.7170956821727437
contact_pred_rolling_27,0.55,0.6471381765846501,0.6566329153876661,1.0,0.7170956821727437
contact_pred_rolling_27,0.55,0.6471381765846501,0.6566329153876661,1.0,0.7170956821727437
contact_pred_rolling_27,0.55,0.6471381765846501,0.6566329153876661,1.0,0.7170956821727437
contact_pred_rolling_48,0.625,0.6576871160495243,0.6652683171861867,1.0,0.7167841367262665
contact_pred_rolling_48,0.625,0.6576871160495243,0.6652683171861867,1.0,0.7167841367262665
contact_pred_rolling_48,0.625,0.6576871160495243,0.6652683171861867,1.0,0.7167841367262665
contact_pred_rolling_48,0.625,0.6576871160495243,0.6652683171861867,1.0,0.7167841367262665
contact_pred_rolling_48,0.625,0.6576871160495243,0.6652683171861867,1.0,0.7167841367262665
contact_pred_rolling_30,0.55,0.6467423845876209,0.6558631581242497,1.0,0.716505914985483
contact_pred_rolling_30,0.55,0.6467423845876209,0.6558631581242497,1.0,0.716505914985483
contact_pred_rolling_30,0.55,0.6467423845876209,0.6558631581242497,1.0,0.716505914985483
contact_pred_rolling_30,0.55,0.6467423845876209,0.6558631581242497,1.0,0.716505914985483
contact_pred_rolling_30,0.55,0.6467423845876209,0.6558631581242497,1.0,0.716505914985483
contact_pred_rolling_33,0.55,0.6453061608680071,0.6549356537546267,1.0,0.715829264058409
contact_pred_rolling_33,0.55,0.6453061608680071,0.6549356537546267,1.0,0.715829264058409
contact_pred_rolling_33,0.55,0.6453061608680071,0.6549356537546267,1.0,0.715829264058409
contact_pred_rolling_33,0.55,0.6453061608680071,0.6549356537546267,1.0,0.715829264058409
contact_pred_rolling_33,0.55,0.6453061608680071,0.6549356537546267,1.0,0.715829264058409
contact_pred_rolling_48,0.7,0.6706844937576085,0.6741563758364983,1.0,0.7148959169490375
contact_pred_rolling_48,0.7,0.6706844937576085,0.6741563758364983,1.0,0.7148959169490375
contact_pred_rolling_48,0.7,0.6706844937576085,0.6741563758364983,1.0,0.7148959169490375
contact_pred_rolling_48,0.7,0.6706844937576085,0.6741563758364983,1.0,0.7148959169490375
contact_pred_rolling_48,0.7,0.6706844937576085,0.6741563758364983,1.0,0.7148959169490375
contact_pred_rolling_36,0.55,0.6422200620837879,0.6533520216408932,1.0,0.714594126244574
contact_pred_rolling_36,0.55,0.6422200620837879,0.6533520216408932,1.0,0.714594126244574
contact_pred_rolling_36,0.55,0.6422200620837879,0.6533520216408932,1.0,0.714594126244574
contact_pred_rolling_36,0.55,0.6422200620837879,0.6533520216408932,1.0,0.714594126244574
contact_pred_rolling_36,0.55,0.6422200620837879,0.6533520216408932,1.0,0.714594126244574
contact_pred_rolling_51,0.625,0.6547060508406344,0.661743779940398,1.0,0.7141249073874966
contact_pred_rolling_51,0.625,0.6547060508406344,0.661743779940398,1.0,0.7141249073874966
contact_pred_rolling_51,0.625,0.6547060508406344,0.661743779940398,1.0,0.7141249073874966
contact_pred_rolling_51,0.625,0.6547060508406344,0.661743779940398,1.0,0.7141249073874966
contact_pred_rolling_51,0.625,0.6547060508406344,0.661743779940398,1.0,0.7141249073874966
contact_pred_rolling_39,0.55,0.6413578378267117,0.6503254325733315,1.0,0.7123857670318524
contact_pred_rolling_39,0.55,0.6413578378267117,0.6503254325733315,1.0,0.7123857670318524
contact_pred_rolling_39,0.55,0.6413578378267117,0.6503254325733315,1.0,0.7123857670318524
contact_pred_rolling_39,0.55,0.6413578378267117,0.6503254325733315,1.0,0.7123857670318524
contact_pred_rolling_39,0.55,0.6413578378267117,0.6503254325733315,1.0,0.7123857670318524
contact_pred_rolling_54,0.625,0.6510648578056795,0.6571064687959779,1.0,0.7107831110346237
contact_pred_rolling_54,0.625,0.6510648578056795,0.6571064687959779,1.0,0.7107831110346237
contact_pred_rolling_54,0.625,0.6510648578056795,0.6571064687959779,1.0,0.7107831110346237
contact_pred_rolling_54,0.625,0.6510648578056795,0.6571064687959779,1.0,0.7107831110346237
contact_pred_rolling_54,0.625,0.6510648578056795,0.6571064687959779,1.0,0.7107831110346237
contact_pred_rolling_6,0.475,0.6254272291033408,0.6429663107940209,1.0,0.710434918392735
contact_pred_rolling_6,0.475,0.6254272291033408,0.6429663107940209,1.0,0.710434918392735
contact_pred_rolling_6,0.475,0.6254272291033408,0.6429663107940209,1.0,0.710434918392735
contact_pred_rolling_6,0.475,0.6254272291033408,0.6429663107940209,1.0,0.710434918392735
contact_pred_rolling_6,0.475,0.6254272291033408,0.6429663107940209,1.0,0.710434918392735
contact_pred_rolling_51,0.7,0.6661560014793432,0.6689367540244906,1.0,0.7103895042316838
contact_pred_rolling_51,0.7,0.6661560014793432,0.6689367540244906,1.0,0.7103895042316838
contact_pred_rolling_51,0.7,0.6661560014793432,0.6689367540244906,1.0,0.7103895042316838
contact_pred_rolling_51,0.7,0.6661560014793432,0.6689367540244906,1.0,0.7103895042316838
contact_pred_rolling_51,0.7,0.6661560014793432,0.6689367540244906,1.0,0.7103895042316838
contact_pred_rolling_12,0.475,0.6273423943764432,0.6427833172380879,1.0,0.7103702845238021
contact_pred_rolling_12,0.475,0.6273423943764432,0.6427833172380879,1.0,0.7103702845238021
contact_pred_rolling_12,0.475,0.6273423943764432,0.6427833172380879,1.0,0.7103702845238021
contact_pred_rolling_12,0.475,0.6273423943764432,0.6427833172380879,1.0,0.7103702845238021
contact_pred_rolling_12,0.475,0.6273423943764432,0.6427833172380879,1.0,0.7103702845238021
contact_pred_rolling_42,0.55,0.6399185194828071,0.6476121314713447,1.0,0.7103470928898699
contact_pred_rolling_42,0.55,0.6399185194828071,0.6476121314713447,1.0,0.7103470928898699
contact_pred_rolling_42,0.55,0.6399185194828071,0.6476121314713447,1.0,0.7103470928898699
contact_pred_rolling_42,0.55,0.6399185194828071,0.6476121314713447,1.0,0.7103470928898699
contact_pred_rolling_42,0.55,0.6399185194828071,0.6476121314713447,1.0,0.7103470928898699
contact_pred_rolling_9,0.475,0.6260300833876662,0.6425502536811774,1.0,0.7101208490376081
contact_pred_rolling_9,0.475,0.6260300833876662,0.6425502536811774,1.0,0.7101208490376081
contact_pred_rolling_9,0.475,0.6260300833876662,0.6425502536811774,1.0,0.7101208490376081
contact_pred_rolling_9,0.475,0.6260300833876662,0.6425502536811774,1.0,0.7101208490376081
contact_pred_rolling_9,0.475,0.6260300833876662,0.6425502536811774,1.0,0.7101208490376081
contact_pred_rolling_15,0.475,0.6274090433154216,0.6417516427865201,1.0,0.7097085090958397
contact_pred_rolling_15,0.475,0.6274090433154216,0.6417516427865201,1.0,0.7097085090958397
contact_pred_rolling_15,0.475,0.6274090433154216,0.6417516427865201,1.0,0.7097085090958397
contact_pred_rolling_15,0.475,0.6274090433154216,0.6417516427865201,1.0,0.7097085090958397
contact_pred_rolling_15,0.475,0.6274090433154216,0.6417516427865201,1.0,0.7097085090958397
contact_pred_rolling_18,0.475,0.627296019753903,0.6414966603914923,1.0,0.7096712097895239
contact_pred_rolling_18,0.475,0.627296019753903,0.6414966603914923,1.0,0.7096712097895239
contact_pred_rolling_18,0.475,0.627296019753903,0.6414966603914923,1.0,0.7096712097895239
contact_pred_rolling_18,0.475,0.627296019753903,0.6414966603914923,1.0,0.7096712097895239
contact_pred_rolling_18,0.475,0.627296019753903,0.6414966603914923,1.0,0.7096712097895239
contact_pred_rolling_3,0.475,0.6228815204222664,0.6414797856450113,1.0,0.7094061672482983
contact_pred_rolling_3,0.475,0.6228815204222664,0.6414797856450113,1.0,0.7094061672482983
contact_pred_rolling_3,0.475,0.6228815204222664,0.6414797856450113,1.0,0.7094061672482983
contact_pred_rolling_3,0.475,0.6228815204222664,0.6414797856450113,1.0,0.7094061672482983
contact_pred_rolling_3,0.475,0.6228815204222664,0.6414797856450113,1.0,0.7094061672482983
contact_pred_rolling_48,0.55,0.6353719638159637,0.6457729441021198,1.0,0.7088514565479018
contact_pred_rolling_48,0.55,0.6353719638159637,0.6457729441021198,1.0,0.7088514565479018
contact_pred_rolling_48,0.55,0.6353719638159637,0.6457729441021198,1.0,0.7088514565479018
contact_pred_rolling_48,0.55,0.6353719638159637,0.6457729441021198,1.0,0.7088514565479018
contact_pred_rolling_48,0.55,0.6353719638159637,0.6457729441021198,1.0,0.7088514565479018
contact_pred_rolling_45,0.55,0.6379657277700638,0.6454628229395205,1.0,0.7087200206993443
contact_pred_rolling_45,0.55,0.6379657277700638,0.6454628229395205,1.0,0.7087200206993443
contact_pred_rolling_45,0.55,0.6379657277700638,0.6454628229395205,1.0,0.7087200206993443
contact_pred_rolling_45,0.55,0.6379657277700638,0.6454628229395205,1.0,0.7087200206993443
contact_pred_rolling_45,0.55,0.6379657277700638,0.6454628229395205,1.0,0.7087200206993443
contact_pred_rolling_57,0.625,0.6462921892564177,0.6536405614975569,1.0,0.7077311583059018
contact_pred_rolling_57,0.625,0.6462921892564177,0.6536405614975569,1.0,0.7077311583059018
contact_pred_rolling_57,0.625,0.6462921892564177,0.6536405614975569,1.0,0.7077311583059018
contact_pred_rolling_57,0.625,0.6462921892564177,0.6536405614975569,1.0,0.7077311583059018
contact_pred_rolling_57,0.625,0.6462921892564177,0.6536405614975569,1.0,0.7077311583059018
contact_pred_rolling_24,0.475,0.6238047282666561,0.6378772973407659,1.0,0.7072560999104792
contact_pred_rolling_24,0.475,0.6238047282666561,0.6378772973407659,1.0,0.7072560999104792
contact_pred_rolling_24,0.475,0.6238047282666561,0.6378772973407659,1.0,0.7072560999104792
contact_pred_rolling_24,0.475,0.6238047282666561,0.6378772973407659,1.0,0.7072560999104792
contact_pred_rolling_24,0.475,0.6238047282666561,0.6378772973407659,1.0,0.7072560999104792
contact_pred_rolling_21,0.475,0.6260006712768894,0.6378585748716522,1.0,0.7071825163713811
contact_pred_rolling_21,0.475,0.6260006712768894,0.6378585748716522,1.0,0.7071825163713811
contact_pred_rolling_21,0.475,0.6260006712768894,0.6378585748716522,1.0,0.7071825163713811
contact_pred_rolling_21,0.475,0.6260006712768894,0.6378585748716522,1.0,0.7071825163713811
contact_pred_rolling_21,0.475,0.6260006712768894,0.6378585748716522,1.0,0.7071825163713811
contact_pred_rolling_51,0.55,0.6341479431281626,0.6419849389573531,1.0,0.7061609557102486
contact_pred_rolling_51,0.55,0.6341479431281626,0.6419849389573531,1.0,0.7061609557102486
contact_pred_rolling_51,0.55,0.6341479431281626,0.6419849389573531,1.0,0.7061609557102486
contact_pred_rolling_51,0.55,0.6341479431281626,0.6419849389573531,1.0,0.7061609557102486
contact_pred_rolling_51,0.55,0.6341479431281626,0.6419849389573531,1.0,0.7061609557102486
contact_pred_rolling_54,0.7,0.6614181226258449,0.6638749700592249,1.0,0.7059375479708399
contact_pred_rolling_54,0.7,0.6614181226258449,0.6638749700592249,1.0,0.7059375479708399
contact_pred_rolling_54,0.7,0.6614181226258449,0.6638749700592249,1.0,0.7059375479708399
contact_pred_rolling_54,0.7,0.6614181226258449,0.6638749700592249,1.0,0.7059375479708399
contact_pred_rolling_54,0.7,0.6614181226258449,0.6638749700592249,1.0,0.7059375479708399
contact_pred_rolling_27,0.475,0.621619802632324,0.6352730837306645,1.0,0.7055072259661306
contact_pred_rolling_27,0.475,0.621619802632324,0.6352730837306645,1.0,0.7055072259661306
contact_pred_rolling_27,0.475,0.621619802632324,0.6352730837306645,1.0,0.7055072259661306
contact_pred_rolling_27,0.475,0.621619802632324,0.6352730837306645,1.0,0.7055072259661306
contact_pred_rolling_27,0.475,0.621619802632324,0.6352730837306645,1.0,0.7055072259661306
contact_pred_rolling_30,0.475,0.621219622141334,0.6347750661998268,1.0,0.7052500320833905
contact_pred_rolling_30,0.475,0.621219622141334,0.6347750661998268,1.0,0.7052500320833905
contact_pred_rolling_30,0.475,0.621219622141334,0.6347750661998268,1.0,0.7052500320833905
contact_pred_rolling_30,0.475,0.621219622141334,0.6347750661998268,1.0,0.7052500320833905
contact_pred_rolling_30,0.475,0.621219622141334,0.6347750661998268,1.0,0.7052500320833905
contact_pred_rolling_60,0.625,0.6422242958674211,0.6506590388574948,1.0,0.7051943808443675
contact_pred_rolling_60,0.625,0.6422242958674211,0.6506590388574948,1.0,0.7051943808443675
contact_pred_rolling_60,0.625,0.6422242958674211,0.6506590388574948,1.0,0.7051943808443675
contact_pred_rolling_60,0.625,0.6422242958674211,0.6506590388574948,1.0,0.7051943808443675
contact_pred_rolling_60,0.625,0.6422242958674211,0.6506590388574948,1.0,0.7051943808443675
contact_pred_rolling_54,0.55,0.6312124003207197,0.6395700648000905,1.0,0.7044493164953096
contact_pred_rolling_54,0.55,0.6312124003207197,0.6395700648000905,1.0,0.7044493164953096
contact_pred_rolling_54,0.55,0.6312124003207197,0.6395700648000905,1.0,0.7044493164953096
contact_pred_rolling_54,0.55,0.6312124003207197,0.6395700648000905,1.0,0.7044493164953096
contact_pred_rolling_54,0.55,0.6312124003207197,0.6395700648000905,1.0,0.7044493164953096
contact_pred_rolling_33,0.475,0.6191306728095917,0.6320223516524947,1.0,0.7033931708709499
contact_pred_rolling_33,0.475,0.6191306728095917,0.6320223516524947,1.0,0.7033931708709499
contact_pred_rolling_33,0.475,0.6191306728095917,0.6320223516524947,1.0,0.7033931708709499
contact_pred_rolling_33,0.475,0.6191306728095917,0.6320223516524947,1.0,0.7033931708709499
contact_pred_rolling_33,0.475,0.6191306728095917,0.6320223516524947,1.0,0.7033931708709499
contact_pred_rolling_63,0.625,0.639933901589871,0.6480686154977437,1.0,0.7028432452903431
contact_pred_rolling_63,0.625,0.639933901589871,0.6480686154977437,1.0,0.7028432452903431
contact_pred_rolling_63,0.625,0.639933901589871,0.6480686154977437,1.0,0.7028432452903431
contact_pred_rolling_63,0.625,0.639933901589871,0.6480686154977437,1.0,0.7028432452903431
contact_pred_rolling_63,0.625,0.639933901589871,0.6480686154977437,1.0,0.7028432452903431
contact_pred_rolling_57,0.55,0.6279775364293663,0.6356121272786541,1.0,0.7013639611886723
contact_pred_rolling_57,0.55,0.6279775364293663,0.6356121272786541,1.0,0.7013639611886723
contact_pred_rolling_57,0.55,0.6279775364293663,0.6356121272786541,1.0,0.7013639611886723
contact_pred_rolling_57,0.55,0.6279775364293663,0.6356121272786541,1.0,0.7013639611886723
contact_pred_rolling_57,0.55,0.6279775364293663,0.6356121272786541,1.0,0.7013639611886723
contact_pred_rolling_57,0.7,0.6585207499750022,0.6587256119825001,1.0,0.7011951621794974
contact_pred_rolling_57,0.7,0.6585207499750022,0.6587256119825001,1.0,0.7011951621794974
contact_pred_rolling_57,0.7,0.6585207499750022,0.6587256119825001,1.0,0.7011951621794974
contact_pred_rolling_57,0.7,0.6585207499750022,0.6587256119825001,1.0,0.7011951621794974
contact_pred_rolling_57,0.7,0.6585207499750022,0.6587256119825001,1.0,0.7011951621794974
contact_pred_rolling_36,0.475,0.617037541169913,0.6284371515153563,1.0,0.7009139911070648
contact_pred_rolling_36,0.475,0.617037541169913,0.6284371515153563,1.0,0.7009139911070648
contact_pred_rolling_36,0.475,0.617037541169913,0.6284371515153563,1.0,0.7009139911070648
contact_pred_rolling_36,0.475,0.617037541169913,0.6284371515153563,1.0,0.7009139911070648
contact_pred_rolling_36,0.475,0.617037541169913,0.6284371515153563,1.0,0.7009139911070648
contact_pred_rolling_66,0.625,0.6383291508143806,0.6445767849787959,1.0,0.6997705552661461
contact_pred_rolling_66,0.625,0.6383291508143806,0.6445767849787959,1.0,0.6997705552661461
contact_pred_rolling_66,0.625,0.6383291508143806,0.6445767849787959,1.0,0.6997705552661461
contact_pred_rolling_66,0.625,0.6383291508143806,0.6445767849787959,1.0,0.6997705552661461
contact_pred_rolling_66,0.625,0.6383291508143806,0.6445767849787959,1.0,0.6997705552661461
contact_pred_rolling_39,0.475,0.6136754260087918,0.6258401123449996,1.0,0.6990791474033216
contact_pred_rolling_39,0.475,0.6136754260087918,0.6258401123449996,1.0,0.6990791474033216
contact_pred_rolling_39,0.475,0.6136754260087918,0.6258401123449996,1.0,0.6990791474033216
contact_pred_rolling_39,0.475,0.6136754260087918,0.6258401123449996,1.0,0.6990791474033216
contact_pred_rolling_39,0.475,0.6136754260087918,0.6258401123449996,1.0,0.6990791474033216
contact_pred_rolling_60,0.55,0.62486970430629,0.6324852167206765,1.0,0.6990197333553306
contact_pred_rolling_60,0.55,0.62486970430629,0.6324852167206765,1.0,0.6990197333553306
contact_pred_rolling_60,0.55,0.62486970430629,0.6324852167206765,1.0,0.6990197333553306
contact_pred_rolling_60,0.55,0.62486970430629,0.6324852167206765,1.0,0.6990197333553306
contact_pred_rolling_60,0.55,0.62486970430629,0.6324852167206765,1.0,0.6990197333553306
contact_pred_rolling_42,0.475,0.6117364086874068,0.624284654798299,1.0,0.6979562038070387
contact_pred_rolling_42,0.475,0.6117364086874068,0.624284654798299,1.0,0.6979562038070387
contact_pred_rolling_42,0.475,0.6117364086874068,0.624284654798299,1.0,0.6979562038070387
contact_pred_rolling_42,0.475,0.6117364086874068,0.624284654798299,1.0,0.6979562038070387
contact_pred_rolling_42,0.475,0.6117364086874068,0.624284654798299,1.0,0.6979562038070387
contact_pred_rolling_69,0.625,0.6349845222197734,0.641569985836446,1.0,0.6972140721588208
contact_pred_rolling_69,0.625,0.6349845222197734,0.641569985836446,1.0,0.6972140721588208
contact_pred_rolling_69,0.625,0.6349845222197734,0.641569985836446,1.0,0.6972140721588208
contact_pred_rolling_69,0.625,0.6349845222197734,0.641569985836446,1.0,0.6972140721588208
contact_pred_rolling_69,0.625,0.6349845222197734,0.641569985836446,1.0,0.6972140721588208
contact_pred_rolling_45,0.475,0.6084783664710065,0.62297575368929,1.0,0.6969501218471231
contact_pred_rolling_45,0.475,0.6084783664710065,0.62297575368929,1.0,0.6969501218471231
contact_pred_rolling_45,0.475,0.6084783664710065,0.62297575368929,1.0,0.6969501218471231
contact_pred_rolling_45,0.475,0.6084783664710065,0.62297575368929,1.0,0.6969501218471231
contact_pred_rolling_45,0.475,0.6084783664710065,0.62297575368929,1.0,0.6969501218471231
contact_pred_rolling_60,0.7,0.6523000697227705,0.6539661619362326,1.0,0.6968459509637982
contact_pred_rolling_60,0.7,0.6523000697227705,0.6539661619362326,1.0,0.6968459509637982
contact_pred_rolling_60,0.7,0.6523000697227705,0.6539661619362326,1.0,0.6968459509637982
contact_pred_rolling_60,0.7,0.6523000697227705,0.6539661619362326,1.0,0.6968459509637982
contact_pred_rolling_60,0.7,0.6523000697227705,0.6539661619362326,1.0,0.6968459509637982
contact_pred_rolling_6,0.4,0.6092805427995392,0.6191485611521533,1.0,0.6960783259489817
contact_pred_rolling_6,0.4,0.6092805427995392,0.6191485611521533,1.0,0.6960783259489817
contact_pred_rolling_6,0.4,0.6092805427995392,0.6191485611521533,1.0,0.6960783259489817
contact_pred_rolling_6,0.4,0.6092805427995392,0.6191485611521533,1.0,0.6960783259489817
contact_pred_rolling_6,0.4,0.6092805427995392,0.6191485611521533,1.0,0.6960783259489817
contact_pred_rolling_9,0.4,0.6091806626519736,0.6188610195331007,1.0,0.6959568618230146
contact_pred_rolling_9,0.4,0.6091806626519736,0.6188610195331007,1.0,0.6959568618230146
contact_pred_rolling_9,0.4,0.6091806626519736,0.6188610195331007,1.0,0.6959568618230146
contact_pred_rolling_9,0.4,0.6091806626519736,0.6188610195331007,1.0,0.6959568618230146
contact_pred_rolling_9,0.4,0.6091806626519736,0.6188610195331007,1.0,0.6959568618230146
contact_pred_rolling_12,0.4,0.6093116280303122,0.6187753904998684,1.0,0.6959540992844069
contact_pred_rolling_12,0.4,0.6093116280303122,0.6187753904998684,1.0,0.6959540992844069
contact_pred_rolling_12,0.4,0.6093116280303122,0.6187753904998684,1.0,0.6959540992844069
contact_pred_rolling_12,0.4,0.6093116280303122,0.6187753904998684,1.0,0.6959540992844069
contact_pred_rolling_12,0.4,0.6093116280303122,0.6187753904998684,1.0,0.6959540992844069
contact_pred_rolling_3,0.4,0.6081648310704157,0.6179966711349129,1.0,0.6952596175372049
contact_pred_rolling_3,0.4,0.6081648310704157,0.6179966711349129,1.0,0.6952596175372049
contact_pred_rolling_3,0.4,0.6081648310704157,0.6179966711349129,1.0,0.6952596175372049
contact_pred_rolling_3,0.4,0.6081648310704157,0.6179966711349129,1.0,0.6952596175372049
contact_pred_rolling_3,0.4,0.6081648310704157,0.6179966711349129,1.0,0.6952596175372049
contact_pred_rolling_63,0.55,0.6206688995475534,0.6274111161436712,1.0,0.6952462950517173
contact_pred_rolling_63,0.55,0.6206688995475534,0.6274111161436712,1.0,0.6952462950517173
contact_pred_rolling_63,0.55,0.6206688995475534,0.6274111161436712,1.0,0.6952462950517173
contact_pred_rolling_63,0.55,0.6206688995475534,0.6274111161436712,1.0,0.6952462950517173
contact_pred_rolling_63,0.55,0.6206688995475534,0.6274111161436712,1.0,0.6952462950517173
contact_pred_rolling_63,0.7,0.6491002692276582,0.651984789813822,1.0,0.6946341199820989
contact_pred_rolling_63,0.7,0.6491002692276582,0.651984789813822,1.0,0.6946341199820989
contact_pred_rolling_63,0.7,0.6491002692276582,0.651984789813822,1.0,0.6946341199820989
contact_pred_rolling_63,0.7,0.6491002692276582,0.651984789813822,1.0,0.6946341199820989
contact_pred_rolling_63,0.7,0.6491002692276582,0.651984789813822,1.0,0.6946341199820989
contact_pred_rolling_48,0.475,0.606683970623866,0.6193167916374022,1.0,0.6945270551876758
contact_pred_rolling_48,0.475,0.606683970623866,0.6193167916374022,1.0,0.6945270551876758
contact_pred_rolling_48,0.475,0.606683970623866,0.6193167916374022,1.0,0.6945270551876758
contact_pred_rolling_48,0.475,0.606683970623866,0.6193167916374022,1.0,0.6945270551876758
contact_pred_rolling_48,0.475,0.606683970623866,0.6193167916374022,1.0,0.6945270551876758
contact_pred_rolling_15,0.4,0.6069102098799523,0.6164589283137558,1.0,0.6945045435983004
contact_pred_rolling_15,0.4,0.6069102098799523,0.6164589283137558,1.0,0.6945045435983004
contact_pred_rolling_15,0.4,0.6069102098799523,0.6164589283137558,1.0,0.6945045435983004
contact_pred_rolling_15,0.4,0.6069102098799523,0.6164589283137558,1.0,0.6945045435983004
contact_pred_rolling_15,0.4,0.6069102098799523,0.6164589283137558,1.0,0.6945045435983004
contact_pred_rolling_18,0.4,0.6047276014484981,0.614740684439049,1.0,0.6934834543491661
contact_pred_rolling_18,0.4,0.6047276014484981,0.614740684439049,1.0,0.6934834543491661
contact_pred_rolling_18,0.4,0.6047276014484981,0.614740684439049,1.0,0.6934834543491661
contact_pred_rolling_18,0.4,0.6047276014484981,0.614740684439049,1.0,0.6934834543491661
contact_pred_rolling_18,0.4,0.6047276014484981,0.614740684439049,1.0,0.6934834543491661
contact_pred_rolling_51,0.475,0.6040422271332144,0.6179079639489721,1.0,0.6933972695865792
contact_pred_rolling_51,0.475,0.6040422271332144,0.6179079639489721,1.0,0.6933972695865792
contact_pred_rolling_51,0.475,0.6040422271332144,0.6179079639489721,1.0,0.6933972695865792
contact_pred_rolling_51,0.475,0.6040422271332144,0.6179079639489721,1.0,0.6933972695865792
contact_pred_rolling_51,0.475,0.6040422271332144,0.6179079639489721,1.0,0.6933972695865792
contact_pred_rolling_66,0.55,0.617103561841998,0.6230302198119525,1.0,0.6920170462095091
contact_pred_rolling_66,0.55,0.617103561841998,0.6230302198119525,1.0,0.6920170462095091
contact_pred_rolling_66,0.55,0.617103561841998,0.6230302198119525,1.0,0.6920170462095091
contact_pred_rolling_66,0.55,0.617103561841998,0.6230302198119525,1.0,0.6920170462095091
contact_pred_rolling_66,0.55,0.617103561841998,0.6230302198119525,1.0,0.6920170462095091
contact_pred_rolling_21,0.4,0.6018423220027884,0.611228937108759,1.0,0.6911658185110907
contact_pred_rolling_21,0.4,0.6018423220027884,0.611228937108759,1.0,0.6911658185110907
contact_pred_rolling_21,0.4,0.6018423220027884,0.611228937108759,1.0,0.6911658185110907
contact_pred_rolling_21,0.4,0.6018423220027884,0.611228937108759,1.0,0.6911658185110907
contact_pred_rolling_21,0.4,0.6018423220027884,0.611228937108759,1.0,0.6911658185110907
contact_pred_rolling_54,0.475,0.6013089916680513,0.614362097602461,1.0,0.6910300627308886
contact_pred_rolling_54,0.475,0.6013089916680513,0.614362097602461,1.0,0.6910300627308886
contact_pred_rolling_54,0.475,0.6013089916680513,0.614362097602461,1.0,0.6910300627308886
contact_pred_rolling_54,0.475,0.6013089916680513,0.614362097602461,1.0,0.6910300627308886
contact_pred_rolling_54,0.475,0.6013089916680513,0.614362097602461,1.0,0.6910300627308886
contact_pred_rolling_24,0.4,0.5990512564134234,0.6097176315520303,1.0,0.6902915726922
contact_pred_rolling_24,0.4,0.5990512564134234,0.6097176315520303,1.0,0.6902915726922
contact_pred_rolling_24,0.4,0.5990512564134234,0.6097176315520303,1.0,0.6902915726922
contact_pred_rolling_24,0.4,0.5990512564134234,0.6097176315520303,1.0,0.6902915726922
contact_pred_rolling_24,0.4,0.5990512564134234,0.6097176315520303,1.0,0.6902915726922
contact_pred_rolling_69,0.55,0.6141652399724533,0.6209180910761978,1.0,0.6902632123576683
contact_pred_rolling_69,0.55,0.6141652399724533,0.6209180910761978,1.0,0.6902632123576683
contact_pred_rolling_69,0.55,0.6141652399724533,0.6209180910761978,1.0,0.6902632123576683
contact_pred_rolling_69,0.55,0.6141652399724533,0.6209180910761978,1.0,0.6902632123576683
contact_pred_rolling_69,0.55,0.6141652399724533,0.6209180910761978,1.0,0.6902632123576683
contact_pred_rolling_66,0.7,0.6452649364534856,0.6471264292599526,1.0,0.6899162684992817
contact_pred_rolling_66,0.7,0.6452649364534856,0.6471264292599526,1.0,0.6899162684992817
contact_pred_rolling_66,0.7,0.6452649364534856,0.6471264292599526,1.0,0.6899162684992817
contact_pred_rolling_66,0.7,0.6452649364534856,0.6471264292599526,1.0,0.6899162684992817
contact_pred_rolling_66,0.7,0.6452649364534856,0.6471264292599526,1.0,0.6899162684992817
contact_pred_rolling_57,0.475,0.6001528438396749,0.6098762968084981,1.0,0.687866374777019
contact_pred_rolling_57,0.475,0.6001528438396749,0.6098762968084981,1.0,0.687866374777019
contact_pred_rolling_57,0.475,0.6001528438396749,0.6098762968084981,1.0,0.687866374777019
contact_pred_rolling_57,0.475,0.6001528438396749,0.6098762968084981,1.0,0.687866374777019
contact_pred_rolling_57,0.475,0.6001528438396749,0.6098762968084981,1.0,0.687866374777019
contact_pred_rolling_27,0.4,0.5961711526801374,0.6054844314225818,1.0,0.6874980210014946
contact_pred_rolling_27,0.4,0.5961711526801374,0.6054844314225818,1.0,0.6874980210014946
contact_pred_rolling_27,0.4,0.5961711526801374,0.6054844314225818,1.0,0.6874980210014946
contact_pred_rolling_27,0.4,0.5961711526801374,0.6054844314225818,1.0,0.6874980210014946
contact_pred_rolling_27,0.4,0.5961711526801374,0.6054844314225818,1.0,0.6874980210014946
contact_pred_rolling_69,0.7,0.6418083922425766,0.6428186222079262,1.0,0.6858506091320624
contact_pred_rolling_69,0.7,0.6418083922425766,0.6428186222079262,1.0,0.6858506091320624
contact_pred_rolling_69,0.7,0.6418083922425766,0.6428186222079262,1.0,0.6858506091320624
contact_pred_rolling_69,0.7,0.6418083922425766,0.6428186222079262,1.0,0.6858506091320624
contact_pred_rolling_69,0.7,0.6418083922425766,0.6428186222079262,1.0,0.6858506091320624
contact_pred_rolling_60,0.475,0.5988489879587746,0.6069699145717338,1.0,0.6857508078662816
contact_pred_rolling_60,0.475,0.5988489879587746,0.6069699145717338,1.0,0.6857508078662816
contact_pred_rolling_60,0.475,0.5988489879587746,0.6069699145717338,1.0,0.6857508078662816
contact_pred_rolling_60,0.475,0.5988489879587746,0.6069699145717338,1.0,0.6857508078662816
contact_pred_rolling_60,0.475,0.5988489879587746,0.6069699145717338,1.0,0.6857508078662816
contact_pred_rolling_30,0.4,0.5922202779270495,0.6024253897681517,1.0,0.6855619349938944
contact_pred_rolling_30,0.4,0.5922202779270495,0.6024253897681517,1.0,0.6855619349938944
contact_pred_rolling_30,0.4,0.5922202779270495,0.6024253897681517,1.0,0.6855619349938944
contact_pred_rolling_30,0.4,0.5922202779270495,0.6024253897681517,1.0,0.6855619349938944
contact_pred_rolling_30,0.4,0.5922202779270495,0.6024253897681517,1.0,0.6855619349938944
contact_pred_rolling_33,0.4,0.5903483191768557,0.6006395214234701,1.0,0.6844525676456913
contact_pred_rolling_33,0.4,0.5903483191768557,0.6006395214234701,1.0,0.6844525676456913
contact_pred_rolling_33,0.4,0.5903483191768557,0.6006395214234701,1.0,0.6844525676456913
contact_pred_rolling_33,0.4,0.5903483191768557,0.6006395214234701,1.0,0.6844525676456913
contact_pred_rolling_33,0.4,0.5903483191768557,0.6006395214234701,1.0,0.6844525676456913
contact_pred_rolling_36,0.4,0.5873063743428557,0.5994210893096784,1.0,0.6836973711952911
contact_pred_rolling_36,0.4,0.5873063743428557,0.5994210893096784,1.0,0.6836973711952911
contact_pred_rolling_36,0.4,0.5873063743428557,0.5994210893096784,1.0,0.6836973711952911
contact_pred_rolling_36,0.4,0.5873063743428557,0.5994210893096784,1.0,0.6836973711952911
contact_pred_rolling_36,0.4,0.5873063743428557,0.5994210893096784,1.0,0.6836973711952911
contact_pred_rolling_63,0.475,0.5956674488278947,0.6026075960943686,1.0,0.6825722720865157
contact_pred_rolling_63,0.475,0.5956674488278947,0.6026075960943686,1.0,0.6825722720865157
contact_pred_rolling_63,0.475,0.5956674488278947,0.6026075960943686,1.0,0.6825722720865157
contact_pred_rolling_63,0.475,0.5956674488278947,0.6026075960943686,1.0,0.6825722720865157
contact_pred_rolling_63,0.475,0.5956674488278947,0.6026075960943686,1.0,0.6825722720865157
contact_pred_rolling_39,0.4,0.5850752208071026,0.5961060114964973,1.0,0.681490992311047
contact_pred_rolling_39,0.4,0.5850752208071026,0.5961060114964973,1.0,0.681490992311047
contact_pred_rolling_39,0.4,0.5850752208071026,0.5961060114964973,1.0,0.681490992311047
contact_pred_rolling_39,0.4,0.5850752208071026,0.5961060114964973,1.0,0.681490992311047
contact_pred_rolling_39,0.4,0.5850752208071026,0.5961060114964973,1.0,0.681490992311047
contact_pred_rolling_66,0.475,0.5929840131553278,0.5982751633113252,1.0,0.679473327472394
contact_pred_rolling_66,0.475,0.5929840131553278,0.5982751633113252,1.0,0.679473327472394
contact_pred_rolling_66,0.475,0.5929840131553278,0.5982751633113252,1.0,0.679473327472394
contact_pred_rolling_66,0.475,0.5929840131553278,0.5982751633113252,1.0,0.679473327472394
contact_pred_rolling_66,0.475,0.5929840131553278,0.5982751633113252,1.0,0.679473327472394
contact_pred_rolling_42,0.4,0.5824361686258609,0.5926340373992673,1.0,0.679192928836688
contact_pred_rolling_42,0.4,0.5824361686258609,0.5926340373992673,1.0,0.679192928836688
contact_pred_rolling_42,0.4,0.5824361686258609,0.5926340373992673,1.0,0.679192928836688
contact_pred_rolling_42,0.4,0.5824361686258609,0.5926340373992673,1.0,0.679192928836688
contact_pred_rolling_42,0.4,0.5824361686258609,0.5926340373992673,1.0,0.679192928836688
contact_pred_rolling_45,0.4,0.5792232888083241,0.5906463385136526,1.0,0.6778182392018801
contact_pred_rolling_45,0.4,0.5792232888083241,0.5906463385136526,1.0,0.6778182392018801
contact_pred_rolling_45,0.4,0.5792232888083241,0.5906463385136526,1.0,0.6778182392018801
contact_pred_rolling_45,0.4,0.5792232888083241,0.5906463385136526,1.0,0.6778182392018801
contact_pred_rolling_45,0.4,0.5792232888083241,0.5906463385136526,1.0,0.6778182392018801
contact_pred_rolling_48,0.4,0.5783246809407353,0.5899792803220592,1.0,0.6774550212527422
contact_pred_rolling_48,0.4,0.5783246809407353,0.5899792803220592,1.0,0.6774550212527422
contact_pred_rolling_48,0.4,0.5783246809407353,0.5899792803220592,1.0,0.6774550212527422
contact_pred_rolling_48,0.4,0.5783246809407353,0.5899792803220592,1.0,0.6774550212527422
contact_pred_rolling_48,0.4,0.5783246809407353,0.5899792803220592,1.0,0.6774550212527422
contact_pred_rolling_69,0.475,0.5888589065434522,0.5947052996810749,1.0,0.6769923311451319
contact_pred_rolling_69,0.475,0.5888589065434522,0.5947052996810749,1.0,0.6769923311451319
contact_pred_rolling_69,0.475,0.5888589065434522,0.5947052996810749,1.0,0.6769923311451319
contact_pred_rolling_69,0.475,0.5888589065434522,0.5947052996810749,1.0,0.6769923311451319
contact_pred_rolling_69,0.475,0.5888589065434522,0.5947052996810749,1.0,0.6769923311451319
contact_pred_rolling_51,0.4,0.5754787704660915,0.5867005503422597,1.0,0.6751995646118043
contact_pred_rolling_51,0.4,0.5754787704660915,0.5867005503422597,1.0,0.6751995646118043
contact_pred_rolling_51,0.4,0.5754787704660915,0.5867005503422597,1.0,0.6751995646118043
contact_pred_rolling_51,0.4,0.5754787704660915,0.5867005503422597,1.0,0.6751995646118043
contact_pred_rolling_51,0.4,0.5754787704660915,0.5867005503422597,1.0,0.6751995646118043
contact_pred_rolling_54,0.4,0.573280924244112,0.5827907185554003,1.0,0.6725724756788805
contact_pred_rolling_54,0.4,0.573280924244112,0.5827907185554003,1.0,0.6725724756788805
contact_pred_rolling_54,0.4,0.573280924244112,0.5827907185554003,1.0,0.6725724756788805
contact_pred_rolling_54,0.4,0.573280924244112,0.5827907185554003,1.0,0.6725724756788805
contact_pred_rolling_54,0.4,0.573280924244112,0.5827907185554003,1.0,0.6725724756788805
contact_pred_rolling_57,0.4,0.5695791076130364,0.5789693011394385,1.0,0.6699068916428393
contact_pred_rolling_57,0.4,0.5695791076130364,0.5789693011394385,1.0,0.6699068916428393
contact_pred_rolling_57,0.4,0.5695791076130364,0.5789693011394385,1.0,0.6699068916428393
contact_pred_rolling_57,0.4,0.5695791076130364,0.5789693011394385,1.0,0.6699068916428393
contact_pred_rolling_57,0.4,0.5695791076130364,0.5789693011394385,1.0,0.6699068916428393
contact_pred_rolling_60,0.4,0.5649218651032734,0.5737412019340834,1.0,0.6664117577796973
contact_pred_rolling_60,0.4,0.5649218651032734,0.5737412019340834,1.0,0.6664117577796973
contact_pred_rolling_60,0.4,0.5649218651032734,0.5737412019340834,1.0,0.6664117577796973
contact_pred_rolling_60,0.4,0.5649218651032734,0.5737412019340834,1.0,0.6664117577796973
contact_pred_rolling_60,0.4,0.5649218651032734,0.5737412019340834,1.0,0.6664117577796973
contact_pred_rolling_63,0.4,0.5635383165557803,0.5735933169486067,1.0,0.6661592267747217
contact_pred_rolling_63,0.4,0.5635383165557803,0.5735933169486067,1.0,0.6661592267747217
contact_pred_rolling_63,0.4,0.5635383165557803,0.5735933169486067,1.0,0.6661592267747217
contact_pred_rolling_63,0.4,0.5635383165557803,0.5735933169486067,1.0,0.6661592267747217
contact_pred_rolling_63,0.4,0.5635383165557803,0.5735933169486067,1.0,0.6661592267747217
contact_pred_rolling_66,0.4,0.5607820329283314,0.5693131847763718,1.0,0.6632653931048362
contact_pred_rolling_66,0.4,0.5607820329283314,0.5693131847763718,1.0,0.6632653931048362
contact_pred_rolling_66,0.4,0.5607820329283314,0.5693131847763718,1.0,0.6632653931048362
contact_pred_rolling_66,0.4,0.5607820329283314,0.5693131847763718,1.0,0.6632653931048362
contact_pred_rolling_66,0.4,0.5607820329283314,0.5693131847763718,1.0,0.6632653931048362
contact_pred_rolling_69,0.4,0.5585437756730276,0.5675190778571668,1.0,0.661914113281033
contact_pred_rolling_69,0.4,0.5585437756730276,0.5675190778571668,1.0,0.661914113281033
contact_pred_rolling_69,0.4,0.5585437756730276,0.5675190778571668,1.0,0.661914113281033
contact_pred_rolling_69,0.4,0.5585437756730276,0.5675190778571668,1.0,0.661914113281033
contact_pred_rolling_69,0.4,0.5585437756730276,0.5675190778571668,1.0,0.661914113281033
